City_ID,City,Country,Date,Lat,Lng,Max Temp,Humidity,Cloudiness,Wind Speed
0,Kokopo,PG,2022-06-13 21:45:58,-4.352,152.2633,299.48,74,16,1.96
1,Vardo,NO,2022-06-13 21:45:59,70.3705,31.1107,280.14,87,100,2.06
2,Albany,US,2022-06-13 21:45:04,42.6001,-73.9662,299.85,41,1,1.34
3,Kibaya,TZ,2022-06-13 21:46:00,-5.3,36.5667,284.89,92,9,1.91
4,Mar Del Plata,AR,2022-06-13 21:46:01,-38.0023,-57.5575,288.16,58,0,2.57
5,Kavaratti,IN,2022-06-13 21:45:05,10.5669,72.642,301.79,75,95,6.04
6,Waingapu,ID,2022-06-13 21:46:02,-9.6567,120.2641,296.49,81,79,3.96
7,Mataura,NZ,2022-06-13 21:44:59,-46.1927,168.8643,279.53,93,97,6.17
8,Kabinda,CD,2022-06-13 21:46:03,-6.1333,24.4833,294.79,48,16,1.41
9,Vaini,TO,2022-06-13 21:45:01,-21.2,-175.2,299.24,83,40,2.57
10,Tessalit,ML,2022-06-13 21:46:05,20.1986,1.0114,308.11,19,84,5.73
11,Gweru,ZW,2022-06-13 21:46:05,-19.45,29.8167,283.36,56,0,2.09
12,Almansa,ES,2022-06-13 21:46:06,38.8692,-1.0971,298.94,27,84,1.78
13,Port Elizabeth,ZA,2022-06-13 21:44:29,-33.918,25.5701,292.65,56,0,1.03
14,Dawlatabad,AF,2022-06-13 21:46:07,36.4141,64.9053,301.37,25,0,2.52
15,Port Hedland,AU,2022-06-13 21:46:08,-20.3167,118.5667,289.18,63,0,3.09
16,Margate,GB,2022-06-13 21:46:08,51.3813,1.3862,287.21,74,20,1.34
17,New Glasgow,CA,2022-06-13 21:41:25,45.5834,-62.6486,289.14,95,100,2.69
18,Kismayo,SO,2022-06-13 21:46:10,-0.3582,42.5454,298.55,81,25,6.38
19,San Patricio,US,2022-06-13 21:44:24,28.017,-97.5169,307.55,49,68,10.03
20,Hobart,AU,2022-06-13 21:44:23,-42.8794,147.3294,277.07,92,75,2.06
21,Beringovskiy,RU,2022-06-13 21:46:11,63.05,179.3167,276.04,76,92,3.57
22,Iqaluit,CA,2022-06-13 21:46:12,63.7506,-68.5145,278.0,75,75,2.06
23,Hilo,US,2022-06-13 21:46:06,19.7297,-155.09,304.97,70,40,5.14
24,Wattegama,LK,2022-06-13 21:46:13,6.7989,81.4808,296.59,88,91,1.11
25,Saskylakh,RU,2022-06-13 21:44:34,71.9167,114.0833,291.07,41,100,0.77
26,Saint-Philippe,RE,2022-06-13 21:44:45,-21.3585,55.7679,292.92,77,52,6.64
27,Tuktoyaktuk,CA,2022-06-13 21:46:14,69.4541,-133.0374,275.15,93,40,6.17
28,Kapaa,US,2022-06-13 21:43:22,22.0752,-159.319,301.14,74,0,7.2
29,Bratsk,RU,2022-06-13 21:42:14,56.1325,101.6142,287.42,83,3,1.32
30,Yenangyaung,MM,2022-06-13 21:46:16,20.4667,94.8833,300.11,77,100,4.59
31,Victoria,HK,2022-06-13 21:43:19,22.2855,114.1577,302.25,87,100,4.92
32,Carnarvon,AU,2022-06-13 21:46:17,-24.8667,113.6333,290.81,56,1,4.99
33,Avarua,CK,2022-06-13 21:44:37,-21.2078,-159.775,301.18,69,99,4.12
34,Tuatapere,NZ,2022-06-13 21:46:18,-46.1333,167.6833,279.16,77,89,9.45
35,Rikitea,PF,2022-06-13 21:44:15,-23.1203,-134.9692,296.0,64,46,3.21
36,Kavieng,PG,2022-06-13 21:44:19,-2.5744,150.7967,301.65,72,22,6.16
37,Aki,JP,2022-06-13 21:46:20,33.5,133.9,292.3,92,100,5.27
38,Punta Arenas,CL,2022-06-13 21:42:32,-53.15,-70.9167,280.21,70,0,4.12
39,Mahebourg,MU,2022-06-13 21:44:36,-20.4081,57.7,296.31,64,75,8.23
40,Ushuaia,AR,2022-06-13 21:41:01,-54.8,-68.3,278.96,75,40,9.77
41,Pemba,MZ,2022-06-13 21:46:22,-12.974,40.5178,296.43,80,54,4.86
42,Kodiak,US,2022-06-13 21:44:38,57.79,-152.4072,282.88,76,100,4.12
43,Labuhan,ID,2022-06-13 21:46:23,-6.8844,112.2051,298.18,86,100,2.67
44,Woodland,US,2022-06-13 21:42:43,38.6785,-121.7733,303.12,16,0,5.14
45,Hambantota,LK,2022-06-13 21:46:24,6.1241,81.1185,298.34,94,20,1.54
46,Madera,US,2022-06-13 21:46:35,37.1666,-119.8343,303.99,13,0,6.19
47,New Norfolk,AU,2022-06-13 21:44:31,-42.7826,147.0587,276.87,87,58,1.36
48,Miguel Alves,BR,2022-06-13 21:46:36,-4.1656,-42.8953,297.57,83,17,1.46
49,Vicuna,CL,2022-06-13 21:46:36,-30.0319,-70.7081,293.58,40,97,0.41
50,Port Alfred,ZA,2022-06-13 21:46:37,-33.5906,26.891,295.18,45,100,3.53
51,Ust-Nera,RU,2022-06-13 21:46:38,64.5667,143.2,282.32,90,100,0.74
52,Bandarbeyla,SO,2022-06-13 21:46:38,9.4942,50.8122,299.08,78,90,12.49
53,Turukhansk,RU,2022-06-13 21:46:39,65.8167,87.9833,288.14,86,69,2.68
54,Maceio,BR,2022-06-13 21:44:20,-9.6658,-35.7353,297.84,83,0,3.6
55,Hithadhoo,MV,2022-06-13 21:44:39,-0.6,73.0833,301.54,73,59,3.62
56,Camana,PE,2022-06-13 21:44:17,-16.6228,-72.7111,290.2,83,4,2.21
57,Domoni,KM,2022-06-13 21:46:41,-12.2569,44.5319,296.63,82,6,3.19
58,Quang Ngai,VN,2022-06-13 21:46:42,15.1167,108.8,298.28,83,63,1.64
59,Busselton,AU,2022-06-13 21:44:15,-33.65,115.3333,288.01,69,94,2.61
60,Codrington,AU,2022-06-13 21:46:43,-38.2667,141.9667,280.56,80,100,5.28
61,Alofi,NU,2022-06-13 21:46:43,-19.0595,-169.9187,298.09,88,75,4.12
62,Ilulissat,GL,2022-06-13 21:44:14,69.2167,-51.1,275.16,75,75,2.57
63,Klaksvik,FO,2022-06-13 21:46:44,62.2266,-6.589,283.66,96,100,5.49
64,Tezu,IN,2022-06-13 21:46:45,27.9167,96.1667,295.86,98,100,1.29
65,Atuona,PF,2022-06-13 21:41:47,-9.8,-139.0333,298.69,64,6,7.76
66,Leningradskiy,RU,2022-06-13 21:46:46,69.3833,178.4167,274.64,82,100,4.86
67,Djibo,BF,2022-06-13 21:46:47,14.1022,-1.6306,309.05,31,3,2.56
68,Bredasdorp,ZA,2022-06-13 21:44:26,-34.5322,20.0403,286.03,83,100,4.37
69,Chokurdakh,RU,2022-06-13 21:44:41,70.6333,147.9167,293.12,32,0,7.79
70,Zabol,AF,2022-06-13 21:46:48,32.25,67.25,294.11,13,0,3.63
71,Gat,IL,2022-06-13 21:46:49,31.61,34.7642,296.53,100,0,1.36
72,Kenora,CA,2022-06-13 21:43:34,49.8167,-94.4337,297.69,64,75,4.63
73,Gaoual,GN,2022-06-13 21:46:50,11.75,-13.2,296.64,95,100,1.4
74,Zemio,CF,2022-06-13 21:46:50,5.0314,25.1361,293.34,98,100,1.34
75,Zhigansk,RU,2022-06-13 21:46:51,66.7697,123.3711,284.88,71,60,1.9
76,Ponta Do Sol,PT,2022-06-13 21:46:52,32.6667,-17.1,294.26,68,53,2.82
77,Faanui,PF,2022-06-13 21:46:52,-16.4833,-151.75,299.84,68,10,9.35
78,Moussoro,TD,2022-06-13 21:46:53,13.6408,16.4901,305.92,39,97,2.39
79,Kieta,PG,2022-06-13 21:46:54,-6.2167,155.6333,300.85,78,36,3.12
80,Pavilosta,LV,2022-06-13 21:46:54,56.8879,21.1859,287.1,84,100,3.62
81,East London,ZA,2022-06-13 21:46:55,-33.0153,27.9116,298.54,31,100,7.59
82,Barrow,US,2022-06-13 21:44:33,71.2906,-156.7887,274.16,86,100,7.2
83,Malinovoye Ozero,RU,2022-06-13 21:46:57,51.6753,79.7825,292.9,63,79,1.89
84,Houma,US,2022-06-13 21:46:57,29.5958,-90.7195,307.59,60,40,4.63
85,Gejiu,CN,2022-06-13 21:46:58,23.306,103.1635,286.3,98,100,2.12
86,Xining,CN,2022-06-13 21:46:58,36.6167,101.7667,283.35,39,0,1.18
87,Jamestown,US,2022-06-13 21:44:36,42.097,-79.2353,293.92,65,24,1.99
88,Koubia,GN,2022-06-13 21:47:00,11.5833,-11.9,294.18,95,92,1.03
89,Rehoboth,NA,2022-06-13 21:47:00,-23.3167,17.0833,283.3,58,0,3.76
90,Butaritari,KI,2022-06-13 21:44:20,3.0707,172.7902,300.47,77,18,5.97
91,Khorixas,NA,2022-06-13 21:47:01,-20.3667,14.9667,285.42,61,0,1.17
92,Namibe,AO,2022-06-13 21:47:02,-15.1961,12.1522,292.31,66,0,3.39
93,Arraial Do Cabo,BR,2022-06-13 21:45:00,-22.9661,-42.0278,293.13,77,75,11.32
94,Norman Wells,CA,2022-06-13 21:45:16,65.282,-126.8329,284.17,62,75,5.14
95,Bambous Virieux,MU,2022-06-13 21:44:42,-20.3428,57.7575,296.29,64,75,8.23
96,Tsumeb,NA,2022-06-13 21:47:14,-19.2333,17.7167,287.4,41,0,1.25
97,Yellowknife,CA,2022-06-13 21:40:22,62.456,-114.3525,292.44,55,75,2.57
98,Georgetown,MY,2022-06-13 21:44:18,5.4112,100.3354,300.11,93,20,0.0
99,Pringsewu,ID,2022-06-13 21:47:15,-5.3582,104.9744,295.86,97,99,1.7
100,Khatanga,RU,2022-06-13 21:45:12,71.9667,102.5,284.89,59,92,4.93
101,Brigantine,US,2022-06-13 21:47:16,39.4101,-74.3646,304.26,71,20,4.63
102,Westport,US,2022-06-13 21:44:28,41.1415,-73.3579,303.64,55,40,4.12
103,Lompoc,US,2022-06-13 21:46:41,34.6391,-120.4579,300.38,60,0,12.96
104,Poso,ID,2022-06-13 21:47:18,-1.3959,120.7524,297.21,84,57,2.18
105,Flinders,AU,2022-06-13 21:47:18,-34.5833,150.8552,280.4,79,6,1.76
106,Thompson,CA,2022-06-13 21:45:16,55.7435,-97.8558,298.24,27,75,3.09
107,Chuy,UY,2022-06-13 21:47:19,-33.6971,-53.4616,284.5,90,24,2.26
108,Bluff,NZ,2022-06-13 21:44:18,-46.6,168.3333,279.71,69,100,16.9
109,Sola,VU,2022-06-13 21:47:21,-13.8833,167.55,299.52,94,75,0.0
110,Villa Carlos Paz,AR,2022-06-13 21:47:21,-31.4241,-64.4978,289.48,23,9,2.86
111,Fredericton,CA,2022-06-13 21:46:23,45.9454,-66.6656,289.73,81,100,2.57
112,Sakakah,SA,2022-06-13 21:47:22,29.9697,40.2064,303.91,28,0,3.36
113,Palmares Do Sul,BR,2022-06-13 21:47:23,-30.2578,-50.5097,286.95,89,98,1.36
114,Dzhebariki-Khaya,RU,2022-06-13 21:47:24,62.2167,135.8,288.72,64,15,2.86
115,Tahoua,NE,2022-06-13 21:47:25,14.8888,5.2692,309.14,19,3,2.72
116,Kurilsk,RU,2022-06-13 21:47:25,45.2333,147.8833,281.71,83,0,1.95
117,Geraldton,AU,2022-06-13 21:44:51,-28.7667,114.6,286.38,88,100,4.12
118,Seminole,US,2022-06-13 21:45:27,28.7086,-81.2081,307.78,63,100,5.14
119,Nikolskoye,RU,2022-06-13 21:47:27,59.7035,30.7861,286.36,97,37,1.49
120,Erenhot,CN,2022-06-13 21:47:27,43.6475,111.9767,287.27,69,18,3.08
121,Petropavlovsk-Kamchatskiy,RU,2022-06-13 21:44:35,53.0452,158.6483,284.48,66,75,1.0
122,Lakes Entrance,AU,2022-06-13 21:44:57,-37.8811,147.981,276.02,81,56,2.49
123,Zigong,CN,2022-06-13 21:46:41,29.3416,104.7769,292.0,86,77,1.79
124,Vila Franca Do Campo,PT,2022-06-13 21:47:29,37.7167,-25.4333,291.59,86,12,4.21
125,Murgab,TM,2022-06-13 21:47:30,37.4966,61.9714,299.08,47,0,0.0
126,Ishigaki,JP,2022-06-13 21:47:31,24.3448,124.1572,301.22,94,100,5.66
127,Qaanaaq,GL,2022-06-13 21:44:58,77.484,-69.3632,272.06,73,36,1.24
128,Tasiilaq,GL,2022-06-13 21:47:32,65.6145,-37.6368,276.24,95,100,4.98
129,Sinnamary,GF,2022-06-13 21:44:31,5.3833,-52.95,298.79,83,90,2.86
130,Cape Town,ZA,2022-06-13 21:44:06,-33.9258,18.4232,287.38,89,75,7.72
131,Esmeraldas,BR,2022-06-13 21:47:34,-19.7625,-44.3139,294.63,33,49,1.89
132,Airai,TL,2022-06-13 21:47:34,-8.9266,125.4092,287.57,92,66,1.44
133,Edendale,ZA,2022-06-13 21:47:35,-29.6528,30.3147,284.83,42,100,2.58
134,Oyugis,KE,2022-06-13 21:47:36,-0.509,34.7358,291.47,91,9,2.49
135,Talnakh,RU,2022-06-13 21:47:37,69.4865,88.3972,287.85,63,76,0.27
136,Saldanha,ZA,2022-06-13 21:43:24,-33.0117,17.9442,286.18,83,97,8.98
137,Horsham,GB,2022-06-13 21:47:38,51.064,-0.3272,289.11,73,0,2.57
138,Kaeo,NZ,2022-06-13 21:47:39,-35.1,173.7833,288.1,61,17,3.99
139,Esso,RU,2022-06-13 21:47:49,55.9333,158.7,279.41,88,98,1.97
140,Hermanus,ZA,2022-06-13 21:44:22,-34.4187,19.2345,284.71,73,100,7.17
141,Torbay,CA,2022-06-13 21:43:12,47.6666,-52.7314,286.08,75,75,3.09
142,Comodoro Rivadavia,AR,2022-06-13 21:47:51,-45.8667,-67.5,288.07,44,0,4.12
143,Dikson,RU,2022-06-13 21:43:24,73.5069,80.5464,272.14,88,100,5.42
144,Nioro,GM,2022-06-13 21:47:52,13.35,-15.75,300.13,67,100,4.62
145,Pakruojis,LT,2022-06-13 21:47:52,55.9667,23.8667,285.59,96,100,4.7
146,Miramar,US,2022-06-13 21:47:53,25.9873,-80.2323,306.49,66,0,5.14
147,Taksimo,RU,2022-06-13 21:47:54,56.3444,114.8794,288.9,67,100,0.66
148,Dakar,SN,2022-06-13 21:47:55,14.6937,-17.4441,298.64,78,75,0.0
149,Balakhninskiy,RU,2022-06-13 21:47:55,58.0106,114.2769,286.98,89,98,0.36
150,Kodinsk,RU,2022-06-13 21:47:56,58.6881,99.1844,289.38,74,51,0.82
151,Cururupu,BR,2022-06-13 21:47:57,-1.8283,-44.8683,296.84,93,4,1.56
152,Cubuk,TR,2022-06-13 21:47:58,40.2386,33.0322,289.13,88,40,0.51
153,Monte Patria,CL,2022-06-13 21:47:58,-30.6919,-70.9467,289.16,53,95,1.73
154,Wagar,SD,2022-06-13 21:47:59,16.1525,36.2032,305.31,40,68,4.96
155,Puerto Ayora,EC,2022-06-13 21:43:52,-0.7393,-90.3518,299.13,88,45,1.34
156,Bardiyah,LY,2022-06-13 21:48:00,31.7561,25.0865,295.59,81,0,5.24
157,Suksun,RU,2022-06-13 21:48:01,57.1431,57.3949,285.05,82,81,2.19
158,Srednekolymsk,RU,2022-06-13 21:44:43,67.45,153.6833,292.31,28,0,5.36
159,Peniche,PT,2022-06-13 21:48:01,39.3558,-9.3811,293.75,95,25,1.91
160,Khilok,RU,2022-06-13 21:48:02,51.3674,110.4676,287.55,61,99,1.29
161,Byron Bay,AU,2022-06-13 21:48:03,-28.65,153.6167,284.1,90,80,2.79
162,Grand Gaube,MU,2022-06-13 21:48:03,-20.0064,57.6608,296.37,66,91,3.13
163,Sandanski,BG,2022-06-13 21:48:04,41.5667,23.2833,290.92,74,12,1.7
164,Ukiah,US,2022-06-13 21:44:47,39.1502,-123.2078,298.95,40,0,5.14
165,Onguday,RU,2022-06-13 21:48:05,50.75,86.15,286.71,90,87,1.1
166,North Bend,US,2022-06-13 21:45:06,43.4065,-124.2243,288.84,85,100,4.63
167,Kastamonu,TR,2022-06-13 21:48:06,41.5,33.6667,284.95,90,6,1.52
168,Lebu,CL,2022-06-13 21:48:03,-37.6167,-73.65,283.72,89,100,3.9
169,Ulaangom,MN,2022-06-13 21:48:08,49.9811,92.0667,291.25,62,84,1.39
170,Cidreira,BR,2022-06-13 21:48:08,-30.1811,-50.2056,287.56,86,97,1.78
171,Port Hardy,CA,2022-06-13 21:45:07,50.6996,-127.4199,283.25,87,75,1.54
172,Half Moon Bay,US,2022-06-13 21:45:05,37.4636,-122.4286,301.42,51,0,8.75
173,Richards Bay,ZA,2022-06-13 21:48:10,-28.783,32.0377,290.62,48,92,5.14
174,Tanete,ID,2022-06-13 21:48:10,-3.9443,119.7848,295.41,97,61,1.53
175,Gayeri,BF,2022-06-13 21:48:11,12.6497,0.4931,304.41,48,37,3.73
176,Pevek,RU,2022-06-13 21:45:51,69.7008,170.3133,275.3,77,53,2.28
177,Esperance,AU,2022-06-13 21:43:27,-33.8667,121.9,288.21,75,81,9.11
178,Nishihara,JP,2022-06-13 21:48:13,26.1842,127.7558,300.18,100,75,8.23
179,Kirakira,SB,2022-06-13 21:48:13,-10.4544,161.9205,301.09,79,60,3.52
180,Marrakesh,MA,2022-06-13 21:44:46,31.6315,-8.0083,300.19,57,75,4.63
181,Shelburne,CA,2022-06-13 21:48:15,44.0787,-80.2041,294.59,70,100,1.46
182,Vila Velha,BR,2022-06-13 21:47:26,-20.3297,-40.2925,295.12,76,0,3.58
183,Makakilo City,US,2022-06-13 21:41:54,21.3469,-158.0858,301.33,55,20,8.75
184,Cherskiy,RU,2022-06-13 21:48:26,68.75,161.3,291.04,30,16,1.99
185,Emerald,AU,2022-06-13 21:48:27,-23.5333,148.1667,281.67,74,1,3.63
186,Bria,CF,2022-06-13 21:48:27,6.5423,21.9863,294.19,97,89,1.13
187,Hanyang,CN,2022-06-13 21:48:28,32.1371,105.5126,290.31,77,70,1.33
188,Lovozero,RU,2022-06-13 21:48:28,68.005,35.0117,283.94,85,88,2.27
189,Upernavik,GL,2022-06-13 21:48:29,72.7868,-56.1549,273.01,82,75,3.4
190,Mehamn,NO,2022-06-13 21:48:30,71.0357,27.8492,279.12,93,75,4.63
191,Raahe,FI,2022-06-13 21:48:30,64.6833,24.4833,286.2,94,89,3.62
192,Upington,ZA,2022-06-13 21:48:31,-28.4478,21.2561,287.36,44,100,2.57
193,Uige,AO,2022-06-13 21:48:32,-7.6087,15.0613,290.63,55,100,1.76
194,Camabatela,AO,2022-06-13 21:48:32,-8.1881,15.375,288.44,57,100,0.48
195,Cabo San Lucas,MX,2022-06-13 21:43:43,22.8909,-109.9124,306.03,28,0,9.26
196,Kahului,US,2022-06-13 21:47:18,20.8947,-156.47,304.16,59,20,10.8
197,Miraflores,MX,2022-06-13 21:48:34,19.2167,-98.8083,296.51,64,100,2.1
198,Jacareacanga,BR,2022-06-13 21:48:34,-6.2222,-57.7528,297.49,88,96,0.8
199,Kariba,ZW,2022-06-13 21:48:35,-16.5167,28.8,288.07,60,0,1.25
200,Le Port,RE,2022-06-13 21:48:36,-20.9373,55.2919,296.07,61,79,6.36
201,Kenai,US,2022-06-13 21:48:36,60.5544,-151.2583,287.61,76,40,5.14
202,Coquimbo,CL,2022-06-13 21:48:21,-29.9533,-71.3436,285.0,82,100,4.12
203,Caraballeda,VE,2022-06-13 21:48:37,10.6112,-66.8522,305.19,78,75,1.54
204,Yulara,AU,2022-06-13 21:48:38,-25.2406,130.9889,283.69,44,0,0.81
205,Novo Aripuana,BR,2022-06-13 21:48:38,-5.1206,-60.3797,296.63,96,62,0.59
206,Santa Cruz,BO,2022-06-13 21:45:03,-17.8,-63.1667,296.85,27,0,1.54
207,Arlit,NE,2022-06-13 21:44:35,18.7369,7.3853,308.93,12,65,5.31
208,Sitka,US,2022-06-13 21:45:06,57.0531,-135.33,284.09,76,75,2.57
209,Sembabule,UG,2022-06-13 21:48:40,-0.0772,31.4567,290.9,75,67,1.18
210,Lasa,IT,2022-06-13 21:48:41,46.6166,10.7002,290.64,85,5,2.29
211,Vikhorevka,RU,2022-06-13 21:48:42,56.1201,101.1636,287.92,82,7,1.28
212,Naze,JP,2022-06-13 21:48:42,28.3667,129.4833,296.66,87,100,9.06
213,Laguna,US,2022-06-13 21:48:43,38.421,-121.4238,302.31,19,0,5.14
214,Lavrentiya,RU,2022-06-13 21:44:44,65.5833,-171.0,276.62,65,100,4.87
215,Papar,MY,2022-06-13 21:48:44,5.7333,115.9333,297.15,90,90,1.48
216,Katsuura,JP,2022-06-13 21:48:45,35.1333,140.3,291.77,76,100,7.03
217,Almaty,KZ,2022-06-13 21:48:45,43.25,76.95,288.1,88,75,1.0
218,Escarcega,MX,2022-06-13 21:48:46,18.6089,-90.7454,304.29,53,100,3.44
219,Broken Hill,AU,2022-06-13 21:48:46,-31.95,141.4333,279.53,75,0,4.21
220,Bethel,US,2022-06-13 21:43:36,41.3712,-73.414,302.94,55,20,4.63
221,Fortuna,US,2022-06-13 21:45:21,40.5982,-124.1573,291.4,62,20,10.29
222,Koslan,RU,2022-06-13 21:48:48,63.4564,48.8989,286.68,66,100,1.96
223,Coihaique,CL,2022-06-13 21:48:49,-45.5752,-72.0662,280.49,87,100,4.63
224,Lixourion,GR,2022-06-13 21:48:49,38.2019,20.4314,296.18,75,13,1.83
225,Nesher,IL,2022-06-13 21:48:50,32.765,35.05,296.93,79,12,0.45
226,Tieli,CN,2022-06-13 21:48:50,46.95,128.05,290.64,85,100,1.34
227,Marawi,PH,2022-06-13 21:48:51,7.9986,124.2928,293.11,95,86,1.42
228,Khandyga,RU,2022-06-13 21:48:52,62.6667,135.6,288.62,60,36,2.89
229,Mandan,US,2022-06-13 21:46:26,46.8267,-100.8896,300.14,83,75,6.69
230,Guanare,VE,2022-06-13 21:48:53,9.0418,-69.7421,303.16,66,100,2.06
231,Los Llanos De Aridane,ES,2022-06-13 21:48:53,28.6585,-17.9182,293.01,83,4,1.54
232,Nouakchott,MR,2022-06-13 21:48:54,18.0858,-15.9785,296.11,87,21,5.4
233,Muravlenko,RU,2022-06-13 21:49:05,63.7898,74.523,289.07,78,100,3.29
234,Kochi,IN,2022-06-13 21:49:05,9.9399,76.2602,297.14,87,69,2.53
235,Ribeira Grande,PT,2022-06-13 21:44:48,38.5167,-28.7,290.64,81,28,5.88
236,Christchurch,NZ,2022-06-13 21:49:06,-43.5333,172.6333,285.08,54,5,5.14
237,Rosehearty,GB,2022-06-13 21:49:07,57.697,-2.1132,285.71,74,99,4.59
238,Port Augusta,AU,2022-06-13 21:49:08,-32.5,137.7667,283.39,62,62,7.56
239,Zhuhai,CN,2022-06-13 21:49:09,22.2769,113.5678,302.03,94,40,6.17
240,College,US,2022-06-13 21:49:09,64.8569,-147.8028,296.81,36,40,3.09
241,Longyearbyen,SJ,2022-06-13 21:44:33,78.2186,15.6401,278.06,65,75,1.54
242,Daru,PG,2022-06-13 21:49:10,-9.0763,143.2092,298.94,88,41,6.61
243,Oussouye,SN,2022-06-13 21:49:11,12.485,-16.5469,300.25,78,60,4.67
244,Kizilskoye,RU,2022-06-13 21:49:11,52.7255,58.8937,282.54,88,10,1.89
245,Road Town,VG,2022-06-13 21:49:12,18.4167,-64.6167,303.2,70,40,6.69
246,Ambon,ID,2022-06-13 21:49:13,-3.6954,128.1814,297.17,16,20,1.03
247,Kargasok,RU,2022-06-13 21:49:14,59.0556,80.8572,285.63,96,67,2.5
248,Xinzhi,CN,2022-06-13 21:49:14,36.4989,111.7047,293.44,40,0,1.51
249,Nhamunda,BR,2022-06-13 21:49:16,-2.1861,-56.7131,296.94,96,40,0.26
250,Dunedin,NZ,2022-06-13 21:49:16,-45.8742,170.5036,279.71,72,93,5.81
251,Tomatlan,MX,2022-06-13 21:49:17,19.9333,-105.25,305.55,49,7,5.14
252,Santos Reyes Nopala,MX,2022-06-13 21:49:17,16.1092,-97.1561,296.43,87,98,1.71
253,Yerbogachen,RU,2022-06-13 21:49:18,61.2767,108.0108,286.91,62,30,1.16
254,Hofn,IS,2022-06-13 21:49:19,64.2539,-15.2082,283.19,100,100,5.29
255,Husavik,IS,2022-06-13 21:49:19,66.0449,-17.3389,285.12,76,100,2.46
256,Kupang,ID,2022-06-13 21:49:20,-10.1667,123.5833,298.39,75,88,5.01
257,Nanortalik,GL,2022-06-13 21:45:17,60.1432,-45.2371,276.69,79,3,12.34
258,Turayf,SA,2022-06-13 21:49:21,31.6725,38.6637,296.29,56,0,5.14
259,Asbe Teferi,ET,2022-06-13 21:49:22,9.0833,40.8667,289.04,76,95,2.97
260,Mujiayingzi,CN,2022-06-13 21:49:23,42.1167,118.7833,288.17,73,42,1.24
261,Sangueya,GN,2022-06-13 21:49:23,10.7,-14.3667,298.79,88,100,2.19
262,Niamey,NE,2022-06-13 21:49:24,13.5137,2.1098,309.31,30,0,2.06
263,Tateyama,JP,2022-06-13 21:49:25,34.9833,139.8667,291.54,76,100,6.75
264,Bonavista,CA,2022-06-13 21:49:25,48.6499,-53.1147,280.22,77,24,5.54
265,Luganville,VU,2022-06-13 21:49:26,-15.5333,167.1667,300.64,79,46,3.54
266,Aleksandrov Gay,RU,2022-06-13 21:49:26,50.147,48.5704,289.46,61,0,2.49
267,Bathsheba,BB,2022-06-13 21:49:27,13.2167,-59.5167,298.49,88,75,3.6
268,Wajir,KE,2022-06-13 21:49:28,1.7471,40.0573,297.72,68,31,6.92
269,Pimentel,PE,2022-06-13 21:49:29,-6.8367,-79.9342,293.31,60,0,7.2
270,Miranda,CO,2022-06-13 21:49:30,3.2499,-76.2281,297.22,90,84,0.8
271,Severo-Kurilsk,RU,2022-06-13 21:44:44,50.6789,156.125,280.43,91,99,5.86
272,Tautira,PF,2022-06-13 21:49:31,-17.7333,-149.15,299.09,71,59,8.7
273,Sao Filipe,CV,2022-06-13 21:49:31,14.8961,-24.4956,297.01,73,18,4.5
274,Ayr,GB,2022-06-13 21:46:42,55.4627,-4.6339,285.14,82,20,3.6
275,Altay,CN,2022-06-13 21:49:32,47.8667,88.1167,293.13,48,84,1.48
276,Nome,US,2022-06-13 21:49:33,64.5011,-165.4064,280.19,71,100,4.63
277,Mahibadhoo,MV,2022-06-13 21:44:47,3.7833,72.9667,301.51,74,53,4.29
278,Kaitangata,NZ,2022-06-13 21:49:44,-46.2817,169.8464,278.17,89,93,8.05
279,Acarau,BR,2022-06-13 21:49:45,-2.8856,-40.12,298.95,80,5,6.04
280,Itarantim,BR,2022-06-13 21:49:45,-15.6597,-40.0656,293.8,92,82,3.65
281,Mount Gambier,AU,2022-06-13 21:49:46,-37.8333,140.7667,281.16,76,100,4.37
282,Tiksi,RU,2022-06-13 21:44:55,71.6872,128.8694,283.21,56,100,0.91
283,Berlevag,NO,2022-06-13 21:49:47,70.8578,29.0864,280.04,81,100,5.66
284,Bairiki,KI,2022-06-13 21:49:48,1.3292,172.9752,302.15,70,20,4.12
285,Saint George,US,2022-06-13 21:49:48,37.1041,-113.5841,308.5,16,0,10.29
286,Tiarei,PF,2022-06-13 21:49:49,-17.5333,-149.3333,302.16,70,28,9.69
287,Castro,BR,2022-06-13 21:49:50,-24.7911,-50.0119,280.93,79,0,1.36
288,Kloulklubed,PW,2022-06-13 21:49:50,7.0419,134.2556,297.43,73,81,5.94
289,Maniitsoq,GL,2022-06-13 21:49:51,65.4167,-52.9,275.64,74,11,8.37
290,Tiznit,MA,2022-06-13 21:49:52,29.5833,-9.5,299.61,54,27,0.96
291,Okha,RU,2022-06-13 21:49:52,53.5739,142.9478,287.29,67,96,4.56
292,Mana,GF,2022-06-13 21:49:53,5.6592,-53.7767,298.32,86,94,2.73
293,Deputatskiy,RU,2022-06-13 21:49:54,69.3,139.9,285.94,51,94,2.05
294,Boende,CD,2022-06-13 21:49:55,-0.2167,20.8667,294.88,96,100,0.47
295,Bengkulu,ID,2022-06-13 21:44:36,-3.8004,102.2655,297.38,84,73,1.38
296,Clermont,FR,2022-06-13 21:49:56,49.5,2.4167,287.99,69,11,3.55
297,Chapais,CA,2022-06-13 21:49:57,49.7834,-74.8492,291.03,64,99,2.61
298,Gdansk,PL,2022-06-13 21:46:26,54.3521,18.6464,286.01,84,0,5.14
299,Trelew,AR,2022-06-13 21:49:58,-43.249,-65.3051,286.2,26,100,2.64
300,Pokaran,IN,2022-06-13 21:49:58,26.9167,71.9167,302.85,50,8,5.75
301,Provideniya,RU,2022-06-13 21:44:27,64.3833,-173.3,278.35,75,100,4.02
302,Koppang,NO,2022-06-13 21:50:00,61.5706,11.0555,282.91,89,99,1.95
303,Sistranda,NO,2022-06-13 21:50:00,63.7256,8.834,283.13,92,100,9.85
304,Mogadishu,SO,2022-06-13 21:46:46,2.0371,45.3438,299.11,80,38,8.43
305,Kaili,ID,2022-06-13 21:50:01,-3.4626,120.2147,291.52,95,38,1.38
306,Ketchikan,US,2022-06-13 21:50:02,55.3422,-131.6461,286.41,76,75,0.0
307,Misratah,LY,2022-06-13 21:48:13,32.3754,15.0925,295.38,80,0,3.2
308,Clyde River,CA,2022-06-13 21:47:22,70.4692,-68.5914,276.28,81,100,1.03
309,Batticaloa,LK,2022-06-13 21:50:04,7.7102,81.6924,299.63,80,82,1.86
310,Santa Cruz De Tenerife,ES,2022-06-13 21:50:04,28.4682,-16.2546,295.32,87,75,6.69
311,Sibolga,ID,2022-06-13 21:50:05,1.7427,98.7792,297.0,91,100,1.27
312,Mattru,SL,2022-06-13 21:50:06,7.6244,-11.8332,296.55,96,99,1.38
313,Pinyug,RU,2022-06-13 21:50:06,60.251,47.7842,283.73,79,83,2.27
314,Zhangye,CN,2022-06-13 21:50:07,38.9342,100.4517,291.92,15,0,3.25
315,Waipawa,NZ,2022-06-13 21:50:08,-41.4122,175.5153,283.78,65,3,10.15
316,Vanavara,RU,2022-06-13 21:50:08,60.34,102.2797,287.16,86,84,1.35
317,Lokosovo,RU,2022-06-13 21:50:09,61.1333,74.8167,283.15,98,45,3.25
318,Pangnirtung,CA,2022-06-13 21:44:49,66.1451,-65.7125,279.15,70,40,9.77
319,Wanaka,NZ,2022-06-13 21:50:10,-44.7,169.15,278.02,86,64,3.94
320,Vostochnyy,RU,2022-06-13 21:50:11,55.8167,37.8667,290.92,90,99,1.98
321,Port Lincoln,AU,2022-06-13 21:50:11,-34.7333,135.8667,286.85,59,70,10.72
322,Severo-Yeniseyskiy,RU,2022-06-13 21:50:12,60.3725,93.0408,285.01,93,30,1.94
323,Huntsville,US,2022-06-13 21:46:41,34.7304,-86.5861,309.24,60,75,3.6
324,Pandan,PH,2022-06-13 21:50:23,14.0453,124.1694,300.08,83,91,2.89
325,Paamiut,GL,2022-06-13 21:50:24,61.994,-49.6678,275.47,85,14,15.08
326,Jiazi,CN,2022-06-13 21:50:25,22.8779,116.067,299.72,90,100,6.09
327,Phetchabun,TH,2022-06-13 21:50:25,16.25,101.0833,298.82,81,100,0.78
328,Nakhon Phanom,TH,2022-06-13 21:50:26,17.3333,104.4167,299.15,79,100,0.81
329,Narsaq,GL,2022-06-13 21:50:27,60.9167,-46.05,281.8,41,0,7.79
330,Panguna,PG,2022-06-13 21:44:53,-6.3164,155.4848,297.13,79,40,1.52
331,Jiayuguan,CN,2022-06-13 21:50:28,39.8167,98.3,289.98,13,0,1.61
332,West Bay,KY,2022-06-13 21:50:28,19.3667,-81.4167,304.19,68,20,6.17
333,Ahipara,NZ,2022-06-13 21:44:46,-35.1667,173.1667,288.56,57,52,6.41
334,Udachnyy,RU,2022-06-13 21:50:29,66.4167,112.4,289.51,41,8,1.88
335,Boueni,YT,2022-06-13 21:50:30,-12.9025,45.0761,297.14,70,16,3.45
336,High Level,CA,2022-06-13 21:50:31,58.5169,-117.136,296.21,23,75,1.81
337,Ponta Delgada,PT,2022-06-13 21:50:31,37.7333,-25.6667,291.76,77,40,3.6
338,Simao,CN,2022-06-13 21:50:32,22.7886,100.9748,291.77,99,100,0.85
339,Ornskoldsvik,SE,2022-06-13 21:50:33,63.2909,18.7153,284.8,74,88,3.1
340,Alta Floresta,BR,2022-06-13 21:50:33,-9.8756,-56.0861,297.64,59,84,1.24
341,Asau,RO,2022-06-13 21:50:34,46.4333,26.4,290.66,89,6,2.71
342,Sao Joao Da Barra,BR,2022-06-13 21:47:06,-21.6403,-41.0511,295.2,73,90,7.31
343,Darlowo,PL,2022-06-13 21:50:35,54.421,16.4107,285.78,81,7,6.37
344,Taltal,CL,2022-06-13 21:50:35,-25.4,-70.4833,287.32,85,71,1.69
345,Rio Gallegos,AR,2022-06-13 21:50:36,-51.6226,-69.2181,279.18,87,75,4.12
346,Kostomuksha,RU,2022-06-13 21:50:37,64.571,30.5767,284.25,89,87,2.08
347,Artvin,TR,2022-06-13 21:50:37,41.1667,41.8333,289.0,91,100,1.08
348,Inongo,CD,2022-06-13 21:50:38,-1.95,18.2667,294.47,78,96,2.26
349,Ouargaye,BF,2022-06-13 21:50:39,11.5033,0.0572,299.07,76,59,6.75
350,Bajil,YE,2022-06-13 21:44:57,15.0584,43.2851,303.52,55,6,1.39
351,Puerto Colombia,CO,2022-06-13 21:45:51,10.9878,-74.9547,304.2,72,47,5.99
352,Gizo,SB,2022-06-13 21:50:41,-8.103,156.8419,301.11,71,61,3.36
353,Ust-Koksa,RU,2022-06-13 21:50:41,50.2696,85.6108,285.98,86,100,0.45
354,Banepa,NP,2022-06-13 21:50:42,27.6298,85.5214,292.33,100,100,1.54
355,Olafsvik,IS,2022-06-13 21:50:43,64.8945,-23.7142,283.38,94,100,7.31
356,Voznesenye,RU,2022-06-13 21:50:44,61.0106,35.4781,284.09,80,17,2.64
357,Korla,CN,2022-06-13 21:50:44,41.7597,86.1469,301.05,10,3,3.28
358,Dingle,PH,2022-06-13 21:47:07,10.9995,122.6711,298.52,87,77,1.14
359,Varberg,SE,2022-06-13 21:50:45,57.1056,12.2508,287.07,85,23,10.14
360,El Rosario,MX,2022-06-13 21:50:46,24.2556,-107.1828,305.03,44,3,4.42
361,Taos,US,2022-06-13 21:50:46,36.4072,-105.5731,304.37,14,0,9.77
362,Vestmannaeyjar,IS,2022-06-13 21:50:47,63.4427,-20.2734,283.11,98,100,8.06
363,Manokwari,ID,2022-06-13 21:50:48,-0.8667,134.0833,299.58,75,68,3.4
364,Constitucion,CL,2022-06-13 21:50:48,-35.3333,-72.4167,283.19,87,100,1.51
365,Pointe-Noire,CG,2022-06-13 21:46:18,-4.7761,11.8635,298.19,88,75,2.57
366,Vrangel,RU,2022-06-13 21:50:49,42.7297,133.0839,284.85,86,97,3.24
367,Yaan,NG,2022-06-13 21:50:50,7.3833,8.5667,298.24,81,84,3.54
368,Orguz,BA,2022-06-13 21:50:51,43.7739,16.8639,291.66,70,17,3.6
369,Leshukonskoye,RU,2022-06-13 21:50:51,64.8989,45.7622,284.42,96,93,1.93
370,Hami,CN,2022-06-13 21:51:02,42.8,93.45,299.53,7,23,3.3
371,Portland,US,2022-06-13 21:49:35,45.5234,-122.6762,289.37,77,100,3.6
372,Fremont,US,2022-06-13 21:50:00,37.5483,-121.9886,303.43,46,0,6.17
373,Yatou,CN,2022-06-13 21:51:03,37.15,122.3833,292.2,87,91,4.47
374,South Holland,NL,2022-06-13 21:51:04,52.0,4.6667,286.53,75,26,1.03
375,San Andres,CO,2022-06-13 21:51:05,12.5847,-81.7006,299.16,89,100,2.57
376,Namatanai,PG,2022-06-13 21:51:05,-3.6667,152.4333,300.88,72,7,4.29
377,Kingaroy,AU,2022-06-13 21:51:06,-26.5333,151.8333,278.17,100,100,0.0
378,General Roca,AR,2022-06-13 21:51:07,-39.0333,-67.5833,284.83,22,100,1.54
379,Uruzgan,AF,2022-06-13 21:51:07,32.8333,66.0,294.91,15,0,2.82
380,Kamyshevatskaya,RU,2022-06-13 21:51:08,46.4132,37.9563,295.04,60,12,4.19
381,Sandakan,MY,2022-06-13 21:51:08,5.8402,118.1179,298.97,94,20,0.51
382,Diego De Almagro,CL,2022-06-13 21:51:09,-26.3667,-70.05,289.21,42,46,2.7
383,Livingston,GB,2022-06-13 21:46:39,55.9029,-3.5226,285.08,82,20,5.14
384,Auki,SB,2022-06-13 21:51:11,-8.7676,160.7034,300.3,79,34,1.38
385,Colares,PT,2022-06-13 21:51:11,38.7992,-9.4469,295.0,75,16,4.02
386,Sayat,TM,2022-06-13 21:51:12,38.7839,63.8803,299.08,15,3,3.84
387,Necochea,AR,2022-06-13 21:51:13,-38.5473,-58.7368,285.26,57,100,4.8
388,Yumen,CN,2022-06-13 21:48:29,40.2833,97.2,290.27,12,0,3.36
389,Ruidoso,US,2022-06-13 21:51:14,33.3317,-105.673,305.52,12,0,6.69
390,Khasan,RU,2022-06-13 21:51:14,42.4308,130.6434,285.4,91,100,3.08
391,Morant Bay,JM,2022-06-13 21:51:15,17.8815,-76.4093,305.21,74,100,5.25
392,Lazaro Cardenas,MX,2022-06-13 21:51:16,17.9583,-102.2,303.27,64,75,5.7
393,Areosa,PT,2022-06-13 21:51:16,41.7178,-8.8571,292.75,81,8,3.17
394,San Quintin,MX,2022-06-13 21:51:17,30.4833,-115.95,294.89,70,2,8.78
395,Todos Santos,MX,2022-06-13 21:51:17,23.45,-110.2167,297.23,61,1,3.37
396,Ailigandi,PA,2022-06-13 21:51:18,9.2333,-78.0167,300.55,78,60,0.46
397,Baghmara,IN,2022-06-13 21:51:19,23.795,86.2085,306.61,37,97,1.66
398,Sari,IR,2022-06-13 21:51:19,36.5633,53.0601,296.92,78,0,4.12
399,Nikel,RU,2022-06-13 21:51:20,69.4128,30.222,282.25,74,94,2.2
400,Qostanay,KZ,2022-06-13 21:51:21,53.1667,63.5833,285.31,87,0,4.0
401,Vanimo,PG,2022-06-13 21:51:22,-2.6741,141.3028,299.21,82,20,2.72
402,Sorland,NO,2022-06-13 21:51:22,67.667,12.6934,282.57,95,100,7.97
403,Kidal,ML,2022-06-13 21:51:23,18.4411,1.4078,310.23,17,91,7.06
404,Lagoa,PT,2022-06-13 21:51:24,39.05,-27.9833,290.13,80,5,4.29
405,Chalmette,US,2022-06-13 21:51:24,29.9427,-89.9634,307.18,65,75,3.6
406,Hasaki,JP,2022-06-13 21:51:25,35.7333,140.8333,290.37,74,100,6.57
407,Astana,KZ,2022-06-13 21:50:21,51.1801,71.446,288.12,88,40,3.0
408,Luwingu,ZM,2022-06-13 21:51:26,-10.2621,29.9271,284.85,68,3,1.87
409,Semporna,MY,2022-06-13 21:51:27,4.4818,118.6112,299.22,82,65,0.41
410,Mayumba,GA,2022-06-13 21:51:28,-3.432,10.6554,296.74,87,99,3.0
411,Roma,US,2022-06-13 21:41:55,43.2128,-75.4557,297.01,45,0,5.66
412,Rengo,CL,2022-06-13 21:51:29,-34.4167,-70.8667,280.33,65,100,0.55
413,Barcelona,ES,2022-06-13 21:51:27,41.3888,2.159,300.71,51,0,1.54
414,Guangyuan,CN,2022-06-13 21:51:30,32.442,105.823,291.65,87,31,0.93
415,Maningrida,AU,2022-06-13 21:51:30,-12.0667,134.2667,291.33,85,94,4.66
416,Hermiston,US,2022-06-13 21:51:31,45.8404,-119.2895,292.66,47,0,11.83
417,Cayenne,GF,2022-06-13 21:50:20,4.9333,-52.3333,298.76,1,75,3.09
418,Barahona,DO,2022-06-13 21:51:42,18.2085,-71.1008,304.05,66,75,5.14
419,Avera,US,2022-06-13 21:51:43,33.194,-82.5271,310.68,29,0,2.21
420,Nouadhibou,MR,2022-06-13 21:51:43,20.931,-17.0347,294.14,83,0,9.26
421,Bubaque,GW,2022-06-13 21:51:44,11.2833,-15.8333,299.79,84,81,6.48
422,Vilhena,BR,2022-06-13 21:51:45,-12.7406,-60.1458,297.27,50,0,4.63
423,Trencianske Teplice,SK,2022-06-13 21:51:45,48.9106,18.1669,286.23,86,2,1.86
424,Havre De Grace,US,2022-06-13 21:46:51,39.5493,-76.0916,305.47,69,75,2.06
425,Nuuk,GL,2022-06-13 21:45:04,64.1835,-51.7216,276.49,70,75,6.17
426,Luderitz,NA,2022-06-13 21:51:47,-26.6481,15.1594,288.05,92,61,6.09
427,Inhambane,MZ,2022-06-13 21:51:47,-23.865,35.3833,293.55,83,0,3.88
428,Erice,IT,2022-06-13 21:51:48,38.037,12.5865,290.41,83,0,1.03
429,Santa Clara,CU,2022-06-13 21:51:49,22.4,-79.9667,302.53,72,28,5.19
430,Sorong,ID,2022-06-13 21:51:49,-0.8833,131.25,297.96,86,38,2.24
431,Camacha,PT,2022-06-13 21:51:50,33.0833,-16.3333,290.83,77,75,1.54
432,Razdolinsk,RU,2022-06-13 21:51:50,58.4211,94.6658,286.83,92,8,0.39
433,Isangel,VU,2022-06-13 21:51:51,-19.55,169.2667,298.21,100,75,1.03
434,Terney,RU,2022-06-13 21:51:52,45.0503,136.6092,287.59,69,1,1.13
435,Griffith,US,2022-06-13 21:51:52,41.5284,-87.4237,306.09,62,75,6.69
436,Jitra,MY,2022-06-13 21:51:53,6.2681,100.4217,299.09,100,20,0.0
437,Coruripe,BR,2022-06-13 21:51:54,-10.1256,-36.1756,297.18,85,18,2.74
438,Antalaha,MG,2022-06-13 21:51:54,-14.9003,50.2788,293.84,90,2,2.66
439,Souillac,MU,2022-06-13 21:44:58,-20.5167,57.5167,296.36,64,75,8.23
440,Morozovsk,RU,2022-06-13 21:51:56,48.3539,41.8261,292.41,56,14,4.41
441,Tadine,NC,2022-06-13 21:51:56,-21.55,167.8833,295.46,95,100,5.64
442,Yuxia,CN,2022-06-13 21:51:57,34.0615,108.6291,292.49,23,0,2.82
443,Tignere,CM,2022-06-13 21:51:58,7.3667,12.65,291.42,91,97,1.27
444,Muroto,JP,2022-06-13 21:51:58,33.2833,134.15,293.84,90,100,13.26
445,Waterloo,CA,2022-06-13 21:50:22,43.4668,-80.5164,298.41,40,100,2.57
446,Mahon,ES,2022-06-13 21:51:59,39.8885,4.2658,295.46,68,0,2.57
447,Banda Aceh,ID,2022-06-13 21:52:00,5.5577,95.3222,299.46,80,25,3.56
448,Dongsheng,CN,2022-06-13 21:52:01,39.8161,109.9776,288.27,31,3,2.81
449,Seoul,KR,2022-06-13 21:50:08,37.5683,126.9778,292.91,55,0,5.66
450,Lisala,CD,2022-06-13 21:52:02,2.15,21.5167,292.31,97,100,0.27
451,Almaznyy,RU,2022-06-13 21:52:02,48.0448,40.045,290.99,51,0,3.34
452,Vicente Guerrero,MX,2022-06-13 21:52:03,19.1194,-98.1708,291.75,54,100,3.41
453,Niquero,CU,2022-06-13 21:52:04,20.0431,-77.5828,302.78,67,99,0.32
454,Walvis Bay,NA,2022-06-13 21:52:04,-22.9575,14.5053,286.53,87,1,0.0
455,Northam,GB,2022-06-13 21:52:05,51.0333,-4.2167,285.18,79,5,1.73
456,Abu Dhabi,AE,2022-06-13 21:52:06,24.4667,54.3667,306.21,69,0,3.09
457,Fairbanks,US,2022-06-13 21:52:06,64.8378,-147.7164,296.82,37,75,3.09
458,Darhan,MN,2022-06-13 21:52:07,49.4867,105.9228,291.01,46,94,1.15
459,Amberley,US,2022-06-13 21:52:08,39.2048,-84.428,304.23,81,40,4.63
460,Calama,CL,2022-06-13 21:52:09,-22.4667,-68.9333,292.42,5,0,8.75
461,Atbasar,KZ,2022-06-13 21:52:09,51.8,68.3333,285.38,91,47,5.53
462,Ola,RU,2022-06-13 21:52:10,59.5833,151.2833,282.12,84,98,1.36
463,Howard Springs,AU,2022-06-13 21:52:11,-12.497,131.047,295.1,65,39,3.18
464,Maumere,ID,2022-06-13 21:52:11,-8.6199,122.2111,298.73,81,100,2.5
465,Sungaipenuh,ID,2022-06-13 21:52:22,-2.0833,101.3833,290.82,98,100,0.78
466,Okhotsk,RU,2022-06-13 21:52:23,59.3833,143.3,278.92,95,100,8.38
467,Salalah,OM,2022-06-13 21:47:26,17.0151,54.0924,303.2,79,75,3.09
468,Pombas,CV,2022-06-13 21:52:24,17.1503,-25.0201,296.03,82,23,5.24
469,Dukat,RU,2022-06-13 21:52:24,62.55,155.55,282.8,53,3,1.17
470,Ancud,CL,2022-06-13 21:44:52,-41.8697,-73.8203,284.39,95,99,4.03
471,Taungdwingyi,MM,2022-06-13 21:52:25,20.0167,95.55,297.5,91,100,3.61
472,Beloha,MG,2022-06-13 21:52:26,-25.1667,45.05,289.6,72,0,3.43
473,Mildura,AU,2022-06-13 21:52:27,-34.2,142.15,277.08,90,46,4.51
474,Algeciras,ES,2022-06-13 21:48:15,36.1333,-5.4505,294.97,73,91,4.63
475,Guerrero Negro,MX,2022-06-13 21:52:28,27.9769,-114.0611,294.64,65,6,9.36
476,Romny,UA,2022-06-13 21:52:28,50.751,33.4747,289.02,88,3,1.25
477,Teknaf,BD,2022-06-13 21:52:29,20.8624,92.3058,299.84,89,85,2.36
478,Burriana,ES,2022-06-13 21:52:30,39.889,-0.085,298.54,74,79,1.32
479,Pangody,RU,2022-06-13 21:52:30,65.85,74.4859,284.37,75,85,7.95
480,Sioux Lookout,CA,2022-06-13 21:52:31,50.1001,-91.917,291.19,77,100,3.6
481,Logan,US,2022-06-13 21:52:32,41.7355,-111.8344,290.88,55,58,3.58
482,Alice Springs,AU,2022-06-13 21:52:32,-23.7,133.8833,275.9,87,0,0.0
483,Barra Do Garcas,BR,2022-06-13 21:52:33,-15.89,-52.2567,297.47,43,75,0.0
484,Kruisfontein,ZA,2022-06-13 21:52:33,-34.0033,24.7314,291.42,62,100,2.74
485,Andros Town,BS,2022-06-13 21:50:13,24.7,-77.7667,304.13,70,3,6.01
486,Torrijos,ES,2022-06-13 21:52:35,39.9819,-4.2835,303.13,21,6,2.23
487,Quelimane,MZ,2022-06-13 21:52:35,-17.8786,36.8883,291.51,94,0,0.79
488,Kamenka,RU,2022-06-13 21:52:36,51.3223,42.7678,290.1,66,100,3.49
489,Zhigalovo,RU,2022-06-13 21:52:37,54.8097,105.1578,289.36,93,67,1.33
490,Ixtapa,MX,2022-06-13 21:44:37,20.7,-105.2,303.83,70,20,6.17
491,Port Pirie,AU,2022-06-13 21:52:38,-33.1833,138.0167,284.39,62,52,7.47
492,Aklavik,CA,2022-06-13 21:52:39,68.2191,-135.0107,287.16,42,89,4.32
493,Natal,BR,2022-06-13 21:49:47,-5.795,-35.2094,301.27,74,20,4.12
494,Vacaville,US,2022-06-13 21:52:40,38.3566,-121.9877,302.88,19,0,5.66
495,Tual,ID,2022-06-13 21:52:40,-5.6667,132.75,300.97,78,60,7.63
496,Coesfeld,DE,2022-06-13 21:52:41,51.9333,7.15,287.48,70,20,2.42
497,Zyryanka,RU,2022-06-13 21:52:42,65.75,150.85,290.68,32,53,11.34
498,Presidente Epitacio,BR,2022-06-13 21:52:23,-21.7633,-52.1156,288.15,48,0,2.71
499,Belyy Yar,RU,2022-06-13 21:52:43,53.6039,91.3903,288.63,90,94,0.0
500,Ibipeba,BR,2022-06-13 21:52:43,-11.6408,-42.0111,299.86,41,97,2.81
501,Taoudenni,ML,2022-06-13 21:52:44,22.6783,-3.9836,311.64,9,33,4.2
502,Mwene-Ditu,CD,2022-06-13 21:52:44,-7.0,23.45,293.86,51,11,2.31
503,Kontagora,NG,2022-06-13 21:52:45,10.3999,5.4695,297.64,76,96,1.76
504,Longyan,CN,2022-06-13 21:52:46,25.1072,117.0225,295.8,99,100,1.55
505,Veraval,IN,2022-06-13 21:52:46,20.9,70.3667,301.19,80,51,4.18
506,Touros,BR,2022-06-13 21:44:41,-5.1989,-35.4608,297.85,79,4,4.65
507,Rosarito,MX,2022-06-13 21:52:47,32.3333,-117.0333,297.96,65,14,4.31
508,Meulaboh,ID,2022-06-13 21:52:48,4.1363,96.1285,297.43,89,93,1.95
509,Shaoguan,CN,2022-06-13 21:52:49,24.8,113.5833,294.89,98,100,0.8
510,Urumqi,CN,2022-06-13 21:52:49,43.801,87.6005,298.68,34,0,2.0
511,Cherdyn,RU,2022-06-13 21:52:50,60.403,56.4787,280.59,65,5,1.46
512,Puerto Plata,DO,2022-06-13 21:52:50,19.7934,-70.6884,307.1,70,20,7.72
513,Panaba,MX,2022-06-13 21:53:01,21.2833,-88.2667,306.38,45,80,7.61
514,Aykhal,RU,2022-06-13 21:53:02,66.0,111.5,290.26,32,32,0.56
515,Gigmoto,PH,2022-06-13 21:53:03,13.7796,124.39,300.55,83,96,3.3
516,Bakchar,RU,2022-06-13 21:53:04,57.0186,82.0711,287.29,97,90,2.29
517,Karratha,AU,2022-06-13 21:53:04,-20.7377,116.8463,295.12,59,0,3.65
518,Guaruja,BR,2022-06-13 21:50:43,-23.9931,-46.2564,291.98,26,75,1.54
519,Wagga Wagga,AU,2022-06-13 21:53:05,-35.1167,147.3667,276.48,93,86,1.53
520,Oriximina,BR,2022-06-13 21:53:06,-1.7656,-55.8661,297.9,90,14,0.67
521,Rafaela,AR,2022-06-13 21:50:12,-31.2503,-61.4867,285.95,40,0,4.55
522,Pandan Niog,PH,2022-06-13 21:53:07,6.2282,120.5631,300.94,73,100,2.3
523,Filingue,NE,2022-06-13 21:53:08,14.3521,3.3168,310.54,21,17,2.72
524,Jasper,US,2022-06-13 21:53:08,37.2001,-94.3502,308.28,56,1,2.24
525,Hualmay,PE,2022-06-13 21:53:09,-11.0964,-77.6139,291.8,75,25,4.88
526,Nemuro,JP,2022-06-13 21:53:09,43.3236,145.575,282.13,81,16,1.67
527,Rosetta,EG,2022-06-13 21:53:10,31.4044,30.4164,296.04,75,0,2.24
528,Vung Tau,VN,2022-06-13 21:53:11,10.346,107.0843,301.29,78,91,2.64
529,Henties Bay,NA,2022-06-13 21:53:11,-22.116,14.2845,287.98,84,0,1.33
530,Lima,PE,2022-06-13 21:51:48,-12.0432,-77.0282,290.32,77,100,5.14
531,Te Anau,NZ,2022-06-13 21:45:03,-45.4167,167.7167,278.18,82,92,5.72
532,Pendleton,US,2022-06-13 21:52:12,45.6721,-118.7886,290.9,48,100,14.92
533,Suluova,TR,2022-06-13 21:53:14,40.8313,35.6479,291.07,82,75,1.54
534,Inta,RU,2022-06-13 21:53:14,66.0317,60.1659,281.18,57,31,1.36
535,Okitipupa,NG,2022-06-13 21:53:15,6.5047,4.7839,296.87,97,99,0.35
536,Japura,ID,2022-06-13 21:53:16,-0.3167,102.35,295.07,99,100,2.13
537,Bekhteyevka,RU,2022-06-13 21:53:16,50.8072,37.2085,291.65,85,11,0.55
538,Hammerfest,NO,2022-06-13 21:53:17,70.6634,23.6821,279.4,81,75,2.06
539,Jalu,LY,2022-06-13 21:53:18,29.0331,21.5482,298.19,47,2,6.84
540,Muisne,EC,2022-06-13 21:53:18,0.6,-80.0333,298.23,79,92,3.21
541,Broome,US,2022-06-13 21:53:19,42.2506,-75.833,297.48,59,60,2.24
542,Kitami,JP,2022-06-13 21:53:20,43.8031,143.8908,283.22,74,5,1.76
543,Kununurra,AU,2022-06-13 21:53:20,-15.7667,128.7333,284.14,76,6,1.03
544,Mayo,US,2022-06-13 21:53:21,38.8876,-76.5119,306.58,69,0,5.14
545,Saint-Augustin,CA,2022-06-13 21:53:22,51.226,-58.6502,289.99,52,65,3.91
546,Ngunguru,NZ,2022-06-13 21:53:23,-35.6167,174.5,287.82,59,24,5.29
547,Sur,OM,2022-06-13 21:53:23,22.5667,59.5289,301.55,77,0,4.77
548,Awjilah,LY,2022-06-13 21:53:24,29.1081,21.2869,297.76,50,1,6.66
